{"cameraMode":{"drawMode":0,"name":"Shaded","section":"Shading Mode"},"sceneLighting":true,"audioPlay":false,"sceneViewState":{"showFog":true,"showMaterialUpdate":false,"showSkybox":true,"showFlares":true,"showImageEffects":true,"showParticleSystems":true},"in2DMode":false,"pivot":{"x":8.18004322052002,"y":1.6806368827819825,"z":-4.270227432250977},"rotation":{"x":-0.39665892720222475,"y":0.5910106301307678,"z":-0.41219672560691836,"w":-0.5687525272369385},"size":0.5928877592086792,"orthographic":false}